Los Angeles, CA: Los Angeles International,LAX,1564494
Chicago, IL: Chicago O'Hare International,ORD,1266224
Denver, CO: Denver International,DEN,1241394
Atlanta, GA: Hartsfield-Jackson Atlanta International,ATL,1128009
Boston, MA: Logan International,BOS,1043353
San Francisco, CA: San Francisco International,SFO,1013794
Seattle, WA: Seattle/Tacoma International,SEA,1001502
Newark, NJ: Newark Liberty International,EWR,938695
Dallas/Fort Worth, TX: Dallas/Fort Worth International,DFW,935860
Orlando, FL: Orlando International,MCO,873096
New York, NY: John F. Kennedy International,JFK,830008
Phoenix, AZ: Phoenix Sky Harbor International,PHX,816031
New York, NY: LaGuardia,LGA,801538
Las Vegas, NV: McCarran International,LAS,773745
Minneapolis, MN: Minneapolis-St Paul International,MSP,726465
Philadelphia, PA: Philadelphia International,PHL,694107
Detroit, MI: Detroit Metro Wayne County,DTW,655017
San Diego, CA: San Diego International,SAN,653382
Fort Lauderdale, FL: Fort Lauderdale-Hollywood International,FLL,636760
Baltimore, MD: Baltimore/Washington International Thurgood Marshall,BWI,628088
Houston, TX: George Bush Intercontinental/Houston,IAH,578011
Washington, DC: Ronald Reagan Washington National,DCA,562560
Tampa, FL: Tampa International,TPA,541352
Portland, OR: Portland International,PDX,537905
Austin, TX: Austin - Bergstrom International,AUS,488498
Salt Lake City, UT: Salt Lake City International,SLC,448431
Charlotte, NC: Charlotte Douglas International,CLT,439658
San Jose, CA: Norman Y. Mineta San Jose International,SJC,438478
Raleigh/Durham, NC: Raleigh-Durham International,RDU,417339
Chicago, IL: Chicago Midway International,MDW,415696
Nashville, TN: Nashville International,BNA,413833
Sacramento, CA: Sacramento International,SMF,405082
Oakland, CA: Metropolitan Oakland International,OAK,389248
Miami, FL: Miami International,MIA,388762
St. Louis, MO: St Louis Lambert International,STL,367059
Kansas City, MO: Kansas City International,MCI,350507
Dallas, TX: Dallas Love Field,DAL,337688
Honolulu, HI: Daniel K Inouye International,HNL,327764
Cleveland, OH: Cleveland-Hopkins International,CLE,318712
New Orleans, LA: Louis Armstrong New Orleans International,MSY,316979
Washington, DC: Washington Dulles International,IAD,314108
Indianapolis, IN: Indianapolis International,IND,296292
Pittsburgh, PA: Pittsburgh International,PIT,295056
Santa Ana, CA: John Wayne Airport-Orange County,SNA,287349
Houston, TX: William P Hobby,HOU,285339
Cincinnati, OH: Cincinnati/Northern Kentucky International,CVG,282179
San Antonio, TX: San Antonio International,SAT,272582
Columbus, OH: John Glenn Columbus International,CMH,262874
Hartford, CT: Bradley International,BDL,232144
Fort Myers, FL: Southwest Florida International,RSW,222337
Milwaukee, WI: General Mitchell International,MKE,221655
San Juan, PR: Luis Munoz Marin International,SJU,215090
Jacksonville, FL: Jacksonville International,JAX,197355
Burbank, CA: Bob Hope,BUR,192747
West Palm Beach/Palm Beach, FL: Palm Beach International,PBI,184032
Ontario, CA: Ontario International,ONT,175031
Buffalo, NY: Buffalo Niagara International,BUF,163165
Omaha, NE: Eppley Airfield,OMA,156563
Albuquerque, NM: Albuquerque International Sunport,ABQ,151543
Richmond, VA: Richmond International,RIC,138213
Memphis, TN: Memphis International,MEM,136240
Providence, RI: Theodore Francis Green State,PVD,133763
Oklahoma City, OK: Will Rogers World,OKC,133062
Boise, ID: Boise Air Terminal,BOI,125803
Anchorage, AK: Ted Stevens Anchorage International,ANC,123486
Spokane, WA: Spokane International,GEG,121437
Norfolk, VA: Norfolk International,ORF,120281
Louisville, KY: Louisville Muhammad Ali International,SDF,119938
Charleston, SC: Charleston AFB/International,CHS,119272
Grand Rapids, MI: Gerald R. Ford International,GRR,119118
Reno, NV: Reno/Tahoe International,RNO,116410
Kahului, HI: Kahului Airport,OGG,114681
Long Beach, CA: Long Beach Airport,LGB,113107
El Paso, TX: El Paso International,ELP,108621
Tucson, AZ: Tucson International,TUS,108169
Albany, NY: Albany International,ALB,101519
Tulsa, OK: Tulsa International,TUL,94138
Birmingham, AL: Birmingham-Shuttlesworth International,BHM,93145
Des Moines, IA: Des Moines International,DSM,90587
Syracuse, NY: Syracuse Hancock International,SYR,84806
Rochester, NY: Greater Rochester International,ROC,82707
Greer, SC: Greenville-Spartanburg International,GSP,76746
Madison, WI: Dane County Regional-Truax Field,MSN,73307
Knoxville, TN: McGhee Tyson,TYS,72296
Kona, HI: Ellison Onizuka Kona International at Keahole,KOA,66489
Little Rock, AR: Bill and Hillary Clinton Nat Adams Field,LIT,66233
Savannah, GA: Savannah/Hilton Head International,SAV,65772
Portland, ME: Portland International Jetport,PWM,65271
Greensboro/High Point, NC: Piedmont Triad International,GSO,63336
White Plains, NY: Westchester County,HPN,62406
Sanford, FL: Orlando Sanford International,SFB,61070
Islip, NY: Long Island MacArthur,ISP,59111
Pensacola, FL: Pensacola International,PNS,57687
Lihue, HI: Lihue Airport,LIH,57619
Manchester, NH: Manchester-Boston Regional,MHT,57265
Fresno, CA: Fresno Yosemite International,FAT,54670
Myrtle Beach, SC: Myrtle Beach International,MYR,54444
Wichita, KS: Wichita Dwight D Eisenhower National,ICT,53111
Fayetteville, AR: Northwest Arkansas Regional,XNA,50644
Colorado Springs, CO: City of Colorado Springs Municipal,COS,50424
St. Petersburg, FL: St Pete Clearwater International,PIE,49870
Dayton, OH: James M Cox/Dayton International,DAY,49771
Sarasota/Bradenton, FL: Sarasota/Bradenton International,SRQ,49121
Harrisburg, PA: Harrisburg International,MDT,47633
Palm Springs, CA: Palm Springs International,PSP,46772
Asheville, NC: Asheville Regional,AVL,44804
Cedar Rapids/Iowa City, IA: The Eastern Iowa,CID,43200
Lexington, KY: Blue Grass,LEX,42410
Phoenix, AZ: Phoenix - Mesa Gateway,AZA,41999
Burlington, VT: Burlington International,BTV,41699
Atlantic City, NJ: Atlantic City International,ACY,40962
Huntsville, AL: Huntsville International-Carl T Jones Field,HSV,40449
Midland/Odessa, TX: Midland International Air and Space Port,MAF,40235
Eugene, OR: Mahlon Sweet Field,EUG,39313
Trenton, NJ: Trenton Mercer,TTN,37884
Bozeman, MT: Bozeman Yellowstone International,BZN,37676
Columbia, SC: Columbia Metropolitan,CAE,36058
Sioux Falls, SD: Joe Foss Field,FSD,35883
Chattanooga, TN: Lovell Field,CHA,34891
Springfield, MO: Springfield-Branson National,SGF,33889
Lubbock, TX: Lubbock Preston Smith International,LBB,33713
Medford, OR: Rogue Valley International - Medford,MFR,33478
Punta Gorda, FL: Punta Gorda Airport,PGD,33438
Valparaiso, FL: Eglin AFB Destin Fort Walton Beach,VPS,32280
Wilmington, NC: Wilmington International,ILM,32265
Jackson/Vicksburg, MS: Jackson Medgar Wiley Evers International,JAN,32040
Allentown/Bethlehem/Easton, PA: Lehigh Valley International,ABE,31097
Bend/Redmond, OR: Roberts Field,RDM,30678
Fairbanks, AK: Fairbanks International,FAI,30670
Hilo, HI: Hilo International,ITO,30630
Fargo, ND: Hector International,FAR,29647
Pasco/Kennewick/Richland, WA: Tri Cities,PSC,28455
Santa Barbara, CA: Santa Barbara Municipal,SBA,28395
Panama City, FL: Northwest Florida Beaches International,ECP,27948
Mission/McAllen/Edinburg, TX: McAllen Miller International,MFE,27852
Akron, OH: Akron-Canton Regional,CAK,27455
Everett, WA: Snohomish County,PAE,27222
South Bend, IN: South Bend International,SBN,27019
Missoula, MT: Missoula International,MSO,26667
Billings, MT: Billings Logan International,BIL,26429
Bellingham, WA: Bellingham International,BLI,26374
Fort Wayne, IN: Fort Wayne International,FWA,26001
Charlottesville, VA: Charlottesville Albemarle,CHO,24606
Appleton, WI: Appleton International,ATW,24540
Peoria, IL: General Downing - Peoria International,PIA,23776
Tallahassee, FL: Tallahassee International,TLH,23712
Moline, IL: Quad City International,MLI,23347
Baton Rouge, LA: Baton Rouge Metropolitan/Ryan Field,BTR,23143
Aguadilla, PR: Rafael Hernandez,BQN,22799
Amarillo, TX: Rick Husband Amarillo International,AMA,22442
Roanoke, VA: Roanoke Blacksburg Regional Woodrum Field,ROA,20906
Augusta, GA: Augusta Regional at Bush Field,AGS,20816
Flint, MI: Bishop International,FNT,20561
Green Bay, WI: Green Bay Austin Straubel International,GRB,20360
Charlotte Amalie, VI: Cyril E King,STT,20358
Bismarck/Mandan, ND: Bismarck Municipal,BIS,20030
Harlingen/San Benito, TX: Valley International,HRL,19758
Shreveport, LA: Shreveport Regional,SHV,19603
Corpus Christi, TX: Corpus Christi International,CRP,19375
Scranton/Wilkes-Barre, PA: Wilkes Barre Scranton International,AVP,19181
Daytona Beach, FL: Daytona Beach International,DAB,19087
Gainesville, FL: Gainesville Regional,GNV,17689
Rapid City, SD: Rapid City Regional,RAP,17650
Kalispell, MT: Glacier Park International,FCA,17286
San Luis Obispo, CA: San Luis County Regional,SBP,16945
Mobile, AL: Mobile Regional,MOB,16866
Bangor, ME: Bangor International,BGR,16786
Juneau, AK: Juneau International,JNU,16737
Lafayette, LA: Lafayette Regional Paul Fournet Field,LFT,16584
Gulfport/Biloxi, MS: Gulfport-Biloxi International,GPT,15667
Bloomington/Normal, IL: Central Il Regional Airport at Bloomington,BMI,15342
Santa Rosa, CA: Charles M. Schulz - Sonoma County,STS,15303
Traverse City, MI: Cherry Capital,TVC,15167
Evansville, IN: Evansville Regional,EVV,14899
Grand Junction, CO: Grand Junction Regional,GJT,14544
Melbourne, FL: Melbourne International,MLB,13911
Jackson, WY: Jackson Hole,JAC,13881
Fayetteville, NC: Fayetteville Regional/Grannis Field,FAY,13787
Key West, FL: Key West International,EYW,13756
Bristol/Johnson City/Kingsport, TN: Tri Cities,TRI,13712
Charleston/Dunbar, WV: Yeager,CRW,13498
Latrobe, PA: Arnold Palmer Regional,LBE,13481
Concord, NC: Concord Padgett Regional,USA,13251
Newport News/Williamsburg, VA: Newport News/Williamsburg International,PHF,13193
Belleville, IL: Scott AFB/MidAmerica,BLV,12844
Newburgh/Poughkeepsie, NY: New York Stewart International,SWF,12777
Monterey, CA: Monterey Regional,MRY,12681
Columbus, OH: Rickenbacker International,LCK,12667
Aspen, CO: Aspen Pitkin County Sardy Field,ASE,11733
State College, PA: University Park,SCE,11236
Great Falls, MT: Great Falls International,GTF,11210
Minot, ND: Minot International,MOT,10713
Jacksonville/Camp Lejeune, NC: Albert J Ellis,OAJ,10658
Plattsburgh, NY: Plattsburgh International,PBG,10384
Durango, CO: Durango La Plata County,DRO,10257
Montgomery, AL: Montgomery Regional,MGM,10214
Rochester, MN: Rochester International,RST,10095
Lansing, MI: Capital Region International,LAN,10041
Idaho Falls, ID: Idaho Falls Regional,IDA,10031
Elmira/Corning, NY: Elmira/Corning Regional,ELM,10018
Niagara Falls, NY: Niagara Falls International,IAG,9879
Killeen, TX: Robert Gray AAF,GRK,9650
Rockford, IL: Chicago/Rockford International,RFD,9207
Kalamazoo, MI: Kalamazoo/Battle Creek International,AZO,9187
Duluth, MN: Duluth International,DLH,9142
Lincoln, NE: Lincoln Airport,LNK,8984
Bakersfield, CA: Meadows Field,BFL,8979
Toledo, OH: Toledo Express,TOL,8509
Mosinee, WI: Central Wisconsin,CWA,8438
Columbia, MO: Columbia Regional,COU,8232
Ashland, WV: Tri-State/Milton J. Ferguson Field,HTS,8225
Christiansted, VI: Henry E. Rohlsen,STX,8172
Saginaw/Bay City/Midland, MI: MBS International,MBS,8054
Stockton, CA: Stockton Metropolitan,SCK,7880
Grand Forks, ND: Grand Forks International,GFK,7667
New Bern/Morehead/Beaufort, NC: Coastal Carolina Regional,EWN,7603
Worcester, MA: Worcester Regional,ORH,7166
Champaign/Urbana, IL: University of Illinois/Willard,CMI,6957
Provo, UT: Provo Municipal,PVU,6943
Helena, MT: Helena Regional,HLN,6939
Brownsville, TX: Brownsville South Padre Island International,BRO,6935
Ketchikan, AK: Ketchikan International,KTN,6860
Ponce, PR: Mercedita,PSE,6833
Monroe, LA: Monroe Regional,MLU,6754
Ithaca/Cortland, NY: Ithaca Tompkins Regional,ITH,6729
Alexandria, LA: Alexandria International,AEX,6686
Santa Fe, NM: Santa Fe Municipal,SAF,6585
Flagstaff, AZ: Flagstaff Pulliam,FLG,6462
Erie, PA: Erie International/Tom Ridge Field,ERI,6328
La Crosse, WI: La Crosse Regional,LSE,6313
Lynchburg, VA: Lynchburg Regional/Preston Glenn Field,LYH,6302
Montrose/Delta, CO: Montrose Regional,MTJ,6155
Eagle, CO: Eagle County Regional,EGE,6037
Casper, WY: Casper/Natrona County International,CPR,5950
Laredo, TX: Laredo International,LRD,5910
Yuma, AZ: Yuma MCAS/Yuma International,YUM,5894
St. George, UT: St George Regional,SGU,5868
Guam, TT: Guam International,GUM,5842
Fort Smith, AR: Fort Smith Regional,FSM,5635
Abilene, TX: Abilene Regional,ABI,5304
Arcata/Eureka, CA: California Redwood Coast Humboldt County,ACV,5304
College Station/Bryan, TX: Easterwood Field,CLL,5220
Bethel, AK: Bethel Airport,BET,5154
Manhattan/Ft. Riley, KS: Manhattan Regional,MHK,5086
Springfield, IL: Abraham Lincoln Capital,SPI,5052
Grand Island, NE: Central Nebraska Regional,GRI,5042
Portsmouth, NH: Portsmouth International at Pease,PSM,4949
Pullman, WA: Pullman Moscow Regional,PUW,4777
Hilton Head, SC: Hilton Head Airport,HHH,4770
Yakima, WA: Yakima Air Terminal/McAllister Field,YKM,4668
Sun Valley/Hailey/Ketchum, ID: Friedman Memorial,SUN,4651
Wenatchee, WA: Pangborn Memorial,EAT,4502
Sitka, AK: Sitka Rocky Gutierrez,SIT,4462
San Angelo, TX: San Angelo Regional/Mathis Field,SJT,4322
Salisbury, MD: Salisbury-Ocean City/Wicomico Regional,SBY,4268
Tyler, TX: Tyler Pounds Regional,TYR,4193
Lake Charles, LA: Lake Charles Regional,LCH,4046
Kodiak, AK: Kodiak Airport,ADQ,4036
Nantucket, MA: Nantucket Memorial,ACK,3986
Waco, TX: Waco Regional,ACT,3910
Marquette, MI: Sawyer International,MQT,3745
Williston, ND: Sloulin Field International,ISN,3725
Roswell, NM: Roswell International Air Center,ROW,3614
Pocatello, ID: Pocatello Regional,PIH,3406
Greenville, NC: Pitt Greenville,PGV,3366
Deadhorse, AK: Deadhorse Airport,SCC,3265
Redding, CA: Redding Municipal,RDD,3207
Joplin, MO: Joplin Regional,JLN,3201
Dothan, AL: Dothan Regional,DHN,3185
Walla Walla, WA: Walla Walla Regional,ALW,3138
New Haven, CT: Tweed New Haven,HVN,3128
Twin Falls, ID: Joslin Field - Magic Valley Regional,TWF,3098
Lawton/Fort Sill, OK: Lawton-Fort Sill Regional,LAW,3029
Sioux City, IA: Sioux Gateway Brig Gen Bud Day Field,SUX,2953
Valdosta, GA: Valdosta Regional,VLD,2924
Hayden, CO: Yampa Valley,HDN,2919
Wichita Falls, TX: Sheppard AFB/Wichita Falls Municipal,SPS,2829
Florence, SC: Florence Regional,FLO,2821
Columbus, MS: Golden Triangle Regional,GTR,2816
Lewiston, ID: Lewiston Nez Perce County,LWS,2722
Clarksburg/Fairmont, WV: North Central West Virginia,CKB,2693
Kotzebue, AK: Ralph Wien Memorial,OTZ,2665
Binghamton, NY: Greater Binghamton/Edwin A. Link Field,BGM,2656
Nome, AK: Nome Airport,OME,2618
Barrow, AK: Wiley Post/Will Rogers Memorial,BRW,2585
Texarkana, AR: Texarkana Regional-Webb Field,TXK,2556
Columbus, GA: Columbus Airport,CSG,2531
Dubuque, IA: Dubuque Regional,DBQ,2342
Saipan, TT: Francisco C. Ada Saipan International,SPN,2310
Albany, GA: Southwest Georgia Regional,ABY,2271
Hagerstown, MD: Hagerstown Regional-Richard A. Henson Field,HGR,2163
Bemidji, MN: Bemidji Regional,BJI,2149
Brunswick, GA: Brunswick Golden Isles,BQK,2079
Aberdeen, SD: Aberdeen Regional,ABR,2056
Santa Maria, CA: Santa Maria Public/Capt. G. Allan Hancock Field,SMX,2012
Beaumont/Port Arthur, TX: Jack Brooks Regional,BPT,1958
Pago Pago, TT: Pago Pago International,PPG,1953
Longview, TX: East Texas Regional,GGG,1948
Stillwater, OK: Stillwater Regional,SWO,1946
Cody, WY: Yellowstone Regional,COD,1898
Sault Ste. Marie, MI: Chippewa County International,CIU,1845
Ogdensburg, NY: Ogdensburg International,OGS,1781
Martha's Vineyard, MA: Martha's Vineyard Airport,MVY,1767
Rhinelander, WI: Rhinelander/Oneida County,RHI,1749
Butte, MT: Bert Mooney,BTM,1747
St. Cloud, MN: St. Cloud Regional,STC,1718
Cedar City, UT: Cedar City Regional,CDC,1668
Brainerd, MN: Brainerd Lakes Regional,BRD,1659
Pellston, MI: Pellston Regional Airport of Emmet County,PLN,1641
Garden City, KS: Garden City Regional,GCK,1638
Gillette, WY: Gillette Campbell County,GCC,1633
Hobbs, NM: Lea County Regional,HOB,1630
Watertown, NY: Watertown International,ART,1541
Mobile, AL: Mobile Downtown,BFM,1504
Waterloo, IA: Waterloo Regional,ALO,1491
Rock Springs, WY: Southwest Wyoming Regional,RKS,1477
Branson, MO: Branson Airport,BKG,1451
Iron Mountain/Kingsfd, MI: Ford,IMT,1405
Petersburg, AK: Petersburg James A Johnson,PSG,1394
Del Rio, TX: Del Rio International,DRT,1391
Eau Claire, WI: Chippewa Valley Regional,EAU,1376
Meridian, MS: Key Field,MEI,1366
Hibbing, MN: Range Regional,HIB,1363
Williamsport, PA: Williamsport Regional,IPT,1336
Elko, NV: Elko Regional,EKO,1301
Escanaba, MI: Delta County,ESC,1243
Kearney, NE: Kearney Regional,EAR,1228
Laramie, WY: Laramie Regional,LAR,1216
Hancock/Houghton, MI: Houghton County Memorial,CMX,1214
Owensboro, KY: Owensboro Daviess County Regional,OWB,1204
Muskegon, MI: Muskegon County,MKG,1188
Dickinson, ND: Dickinson - Theodore Roosevelt Regional,DIK,1153
Cordova, AK: Merle K Mudhole Smith,CDV,1116
Prescott, AZ: Prescott Regional Ernest A Love Field,PRC,1110
Scottsbluff, NE: Western Neb. Regional/William B. Heilig Field,BFF,1089
Unalaska, AK: Unalaska Airport,DUT,1073
Williston, ND: Williston Basin International,XWA,1042
Ogden, UT: Ogden-Hinckley,OGD,1028
Gunnison, CO: Gunnison-Crested Butte Regional,GUC,977
Wrangell, AK: Wrangell Airport,WRG,957
North Platte, NE: North Platte Regional Airport Lee Bird Field,LBF,955
Cheyenne, WY: Cheyenne Regional/Jerry Olson Field,CYS,951
Paducah, KY: Barkley Regional,PAH,942
Alpena, MI: Alpena County Regional,APN,884
Hays, KS: Hays Regional,HYS,865
Staunton, VA: Shenandoah Valley Regional,SHD,828
Mammoth Lakes, CA: Mammoth Lakes Airport,MMH,762
International Falls, MN: Falls International Einarson Field,INL,744
Pueblo, CO: Pueblo Memorial,PUB,736
Pierre, SD: Pierre Regional,PIR,707
Salina, KS: Salina Regional,SLN,706
Presque Isle/Houlton, ME: Presque Isle International,PQI,662
Vernal, UT: Vernal Regional,VEL,653
Kenai, AK: Kenai Municipal,ENA,645
Hattiesburg/Laurel, MS: Hattiesburg-Laurel Regional,PIB,645
Cape Girardeau, MO: Cape Girardeau Regional,CGI,615
King Salmon, AK: King Salmon Airport,AKN,612
Dillingham, AK: Dillingham Airport,DLG,587
Quincy, IL: Quincy Regional-Baldwin Field,UIN,552
Jamestown, ND: Jamestown Regional,JMS,543
Moab, UT: Canyonlands Field,CNY,525
Yakutat, AK: Yakutat Airport,YAK,525
Watertown, SD: Watertown Regional,ATY,493
North Bend/Coos Bay, OR: Southwest Oregon Regional,OTH,478
Hoolehua, HI: Molokai,MKK,462
Liberal, KS: Liberal Mid-America Regional,LBL,421
Hyannis, MA: Barnstable Municipal-Boardman/Polando Field,HYA,415
Devils Lake, ND: Devils Lake Regional,DVL,396
Lewisburg, WV: Greenbrier Valley,LWB,395
Homer, AK: Homer Airport,HOM,383
Lanai, HI: Lanai Airport,LNY,375
West Yellowstone, MT: Yellowstone,WYS,306
Kapalua, HI: Kapalua Airport,JHM,282
Lebanon-Hanover, NH: Lebanon Municipal,LEB,214
Marion/Herrin, IL: Veterans Airport of Southern Illinois,MWA,195
Augusta/Waterville, ME: Augusta State,AUG,185
Gustavus, AK: Gustavus Airport,GST,172
Bar Harbor, ME: Hancock County-Bar Harbor,BHB,163
Adak Island, AK: Adak,ADK,154
Victoria, TX: Victoria Regional,VCT,127
Alamosa, CO: San Luis Valley Regional/Bergman Field,ALS,124
Telluride, CO: Telluride Regional,TEX,124
Dodge City, KS: Dodge City Regional,DDC,119
Provincetown, MA: Provincetown Municipal,PVC,118
Rutland, VT: Rutland - Southern Vermont Regional,RUT,114
Rockland, ME: Knox County Regional,RKD,113