ABE,CLT,480
ABE,PHL,55
ABI,DFW,158
ABQ,DFW,569
ABQ,LAX,677
ABQ,ORD,1118
ABQ,PHX,328
ABZ,LHR,403
ACC,LHR,3159
ACT,DFW,89
ADL,BNE,1007
ADL,SYD,725
AEX,DFW,285
AGP,LHR,1041
AGS,CLT,140
AGS,DCA,468
AGU,DFW,836
AKL,BNE,1428
AKL,PPT,2544
AKL,SYD,1345
ALB,CLT,646
ALB,DCA,318
ALB,PHL,212
ALO,ORD,234
AMA,DFW,312
AMM,JFK,5738
AMM,ORD,6236
AMM,YUL,5541
AMS,LHR,231
AMS,PHL,3736
ANC,LAX,2345
ANC,PHX,2551
ANU,CLT,1715
ANU,JFK,1770
ANU,MIA,1330
AQP,LIM,475
ARN,LHR,911
ART,ORD,617
ART,PHL,287
ASP,SYD,1256
ASU,MIA,3824
ATH,LHR,1510
ATH,PHL,5035
ATL,CLT,227
ATL,DFW,731
ATL,LHR,4211
ATL,MIA,595
ATL,ORD,606
ATL,PHL,666
ATL,PHX,1587
AUA,CLT,1706
AUA,MIA,1133
AUA,PHL,1911
AUH,CMB,2049
AUH,DUS,3126
AUH,IAD,7088
AUH,ISB,1264
AUH,JFK,6867
AUH,LHE,1300
AUH,LHR,3432
AUH,MCT,237
AUH,ORD,7275
AUS,CLT,1032
AUS,DFW,190
AUS,JFK,1521
AUS,LAX,1242
AUS,LHR,4915
AUS,MSY,444
AUS,ORD,978
AUS,PHL,1430
AUS,PHX,872
AVL,CLT,92
AVP,CLT,509
AVP,PHL,104
AZO,ORD,122
BAH,DOH,92
BAH,LHR,3169
BCN,JFK,3831
BCN,LHR,713
BCN,MIA,4697
BCN,PHL,3924
BDA,JFK,762
BDA,MIA,1046
BDA,PHL,785
BDL,CLT,644
BDL,DCA,313
BDL,DFW,1471
BDL,LAX,2527
BDL,MIA,1194
BDL,ORD,783
BDL,PHL,196
BDL,PIT,406
BGI,MIA,1611
BGM,PHL,166
BGO,LHR,649
BGR,DCA,590
BGR,PHL,473
BHD,LHR,313
BHM,CLT,351
BHM,DCA,653
BHM,DFW,597
BHM,MIA,661
BHM,PHL,772
BJL,DKR,112
BJX,DFW,864
BKK,KUL,754
BKK,NRT,2889
BLQ,LHR,724
BLR,LHR,5004
BMI,DFW,690
BMI,ORD,116
BNA,CLT,329
BNA,DCA,562
BNA,DFW,631
BNA,JFK,765
BNA,LAX,1797
BNA,LGA,764
BNA,MIA,806
BNA,ORD,409
BNA,PHL,675
BNE,ADL,1007
BNE,AKL,1428
BNE,CBR,593
BNE,CNS,862
BNE,DRW,1771
BNE,LAX,7161
BNE,MEL,857
BNE,PER,2246
BNE,SYD,467
BNE,TSV,690
BOG,DFW,2438
BOG,MIA,1506
BOI,PHX,735
BOM,LHR,4487
BOS,BUF,396
BOS,CLT,728
BOS,CUN,1735
BOS,DCA,399
BOS,DFW,1562
BOS,JFK,187
BOS,LAX,2611
BOS,LGA,185
BOS,LHR,3265
BOS,MAD,3410
BOS,MDT,335
BOS,MIA,1258
BOS,NRT,6702
BOS,ORD,867
BOS,PDX,2537
BOS,PHL,280
BOS,PHX,2300
BOS,PIT,496
BOS,RIC,474
BOS,ROC,343
BOS,SAN,2588
BOS,SEA,2496
BOS,SYR,265
BPT,DFW,270
BRO,DFW,482
BRU,LHR,218
BRU,PHL,3760
BSB,MIA,3599
BSL,LHR,448
BTR,CLT,675
BTR,DFW,383
BTV,DCA,437
BTV,PHL,335
BUD,LHR,928
BUF,BOS,396
BUF,CLT,546
BUF,DCA,296
BUF,ORD,473
BUF,PHL,279
BUR,PDX,817
BUR,PHX,369
BUR,SEA,937
BWI,CLT,361
BWI,DFW,1217
BWI,JFK,184
BWI,LHR,3634
BWI,MIA,946
BWI,ORD,621
BWI,PHL,90
BWI,PHX,1999
BZE,CLT,1299
BZE,DFW,1189
BZE,MIA,767
CAE,CLT,88
CAE,DCA,408
CAE,DFW,922
CAE,PHL,523
CAK,CLT,394
CAK,DCA,274
CAK,PHL,335
CBR,BNE,593
CBR,MEL,292
CBR,SYD,147
CCS,DFW,2450
CCS,JFK,2109
CCS,MIA,1360
CCS,SJU,543
CDG,CLT,4174
CDG,DFW,4948
CDG,JFK,3635
CDG,KUL,6492
CDG,LHR,216
CDG,MIA,4589
CDG,ORD,4152
CDG,PHL,3728
CHA,CLT,242
CHA,DCA,523
CHA,DFW,695
CHA,ORD,501
CHC,SYD,1323
CHO,CLT,245
CHO,LGA,305
CHO,ORD,566
CHO,PHL,210
CHS,CLT,168
CHS,DCA,444
CHS,DFW,987
CHS,MIA,490
CHS,PHL,550
CID,DFW,685
CID,ORD,196
CLE,CLT,430
CLE,DFW,1021
CLE,JFK,425
CLE,MIA,1080
CLE,ORD,316
CLE,PHL,363
CLL,DFW,164
CLO,MIA,1552
CLT,ABE,480
CLT,AGS,140
CLT,ALB,646
CLT,ANU,1715
CLT,ATL,227
CLT,AUA,1706
CLT,AUS,1032
CLT,AVL,92
CLT,AVP,509
CLT,BDL,644
CLT,BHM,351
CLT,BNA,329
CLT,BOS,728
CLT,BTR,675
CLT,BUF,546
CLT,BWI,361
CLT,BZE,1299
CLT,CAE,88
CLT,CAK,394
CLT,CDG,4174
CLT,CHA,242
CLT,CHO,245
CLT,CHS,168
CLT,CLE,430
CLT,CMH,347
CLT,CRW,221
CLT,CUN,1041
CLT,CVG,335
CLT,CZM,1075
CLT,DAB,416
CLT,DAY,370
CLT,DCA,331
CLT,DEN,1338
CLT,DFW,936
CLT,DSM,815
CLT,DTW,500
CLT,DUB,3720
CLT,EWN,221
CLT,EWR,528
CLT,FAY,118
CLT,FCO,4812
CLT,FLL,631
CLT,FLO,99
CLT,FPO,611
CLT,FRA,4396
CLT,GCM,1097
CLT,GNV,388
CLT,GPT,577
CLT,GRU,4623
CLT,GSO,83
CLT,GSP,76
CLT,HPN,564
CLT,HSV,333
CLT,HTS,235
CLT,IAD,321
CLT,IAH,913
CLT,ILM,185
CLT,IND,428
CLT,JAN,562
CLT,JAX,328
CLT,JFK,541
CLT,LAS,1916
CLT,LAX,2125
CLT,LEX,282
CLT,LGA,544
CLT,LHR,3992
CLT,LIR,1719
CLT,LIT,641
CLT,LYH,175
CLT,MBJ,1165
CLT,MCI,809
CLT,MCO,468
CLT,MDT,413
CLT,MEM,512
CLT,MEX,1551
CLT,MGM,372
CLT,MHT,737
CLT,MIA,650
CLT,MKE,651
CLT,MLB,490
CLT,MOB,526
CLT,MSP,930
CLT,MSY,651
CLT,MYR,156
CLT,NAS,731
CLT,OMA,913
CLT,ORD,599
CLT,ORF,290
CLT,PBI,590
CLT,PDX,2282
CLT,PHF,282
CLT,PHL,448
CLT,PHX,1774
CLT,PIT,366
CLT,PLS,1064
CLT,PNS,488
CLT,PUJ,1382
CLT,PVD,684
CLT,PWM,812
CLT,RDU,130
CLT,RIC,256
CLT,ROA,155
CLT,ROC,573
CLT,RSW,600
CLT,SAN,2077
CLT,SAT,1095
CLT,SAV,213
CLT,SBY,370
CLT,SDF,335
CLT,SEA,2279
CLT,SFO,2296
CLT,SJD,1918
CLT,SJO,1748
CLT,SJU,1474
CLT,SLC,1727
CLT,SMF,2244
CLT,SRQ,547
CLT,STL,575
CLT,STT,1520
CLT,SXM,1612
CLT,SYR,603
CLT,TLH,387
CLT,TPA,507
CLT,TRI,120
CLT,TYS,177
CLT,UVF,1934
CLT,VPS,460
CLT,XNA,754
CLT,YOW,751
CLT,YUL,803
CLT,YYZ,588
CMB,AUH,2049
CMH,CLT,347
CMH,DCA,323
CMH,DFW,926
CMH,JFK,483
CMH,LAX,1995
CMH,LGA,479
CMH,MIA,990
CMH,ORD,296
CMH,PHL,406
CMH,PHX,1670
CMI,DFW,693
CMI,ORD,135
CNF,MIA,3963
CNS,BNE,862
COS,DFW,592
COU,DFW,490
COU,ORD,315
CPH,LHR,610
CPT,LHR,5994
CRP,DFW,354
CTS,NRT,489
CUN,BOS,1735
CUN,CLT,1041
CUN,DFW,1028
CUN,JFK,1555
CUN,MIA,531
CUN,ORD,1444
CUN,PHL,1469
CUN,PHX,1760
CUR,MIA,1192
CUU,DFW,604
CVG,CLT,335
CVG,DCA,411
CVG,DFW,812
CVG,JFK,589
CVG,MIA,948
CVG,ORD,264
CVG,PHL,507
CWB,POA,331
CZM,CLT,1075
CZM,DFW,1055
CZM,MIA,556
DAB,CLT,416
DAY,CLT,370
DAY,DCA,391
DAY,DFW,861
DAY,LGA,549
DAY,ORD,240
DAY,PHL,477
DBQ,ORD,147
DCA,AGS,468
DCA,ALB,318
DCA,BDL,313
DCA,BGR,590
DCA,BHM,653
DCA,BNA,562
DCA,BOS,399
DCA,BTV,437
DCA,BUF,296
DCA,CAE,408
DCA,CAK,274
DCA,CHA,523
DCA,CHS,444
DCA,CLT,331
DCA,CMH,323
DCA,CRW,249
DCA,CVG,411
DCA,DAY,391
DCA,DFW,1192
DCA,DSM,897
DCA,DTW,405
DCA,FAY,285
DCA,FLL,899
DCA,GSO,248
DCA,GSP,396
DCA,HPN,234
DCA,HSV,613
DCA,ILM,320
DCA,IND,500
DCA,ISP,249
DCA,JAN,860
DCA,JAX,634
DCA,JFK,213
DCA,LAS,2089
DCA,LAX,2311
DCA,LGA,214
DCA,LIT,888
DCA,MCI,949
DCA,MCO,759
DCA,MEM,762
DCA,MHT,406
DCA,MIA,920
DCA,MSP,931
DCA,MSY,969
DCA,MYR,372
DCA,NAS,952
DCA,OMA,1012
DCA,ORD,612
DCA,ORF,143
DCA,PBI,857
DCA,PDX,2350
DCA,PHL,119
DCA,PHX,1979
DCA,PIT,204
DCA,PNS,816
DCA,PVD,357
DCA,PWM,482
DCA,RDU,227
DCA,ROC,296
DCA,RSW,892
DCA,SAN,2276
DCA,SAV,520
DCA,SDF,474
DCA,SRQ,851
DCA,STL,719
DCA,SYR,298
DCA,TLH,716
DCA,TPA,814
DCA,TYS,437
DCA,VPS,789
DCA,YHZ,811
DCA,YUL,487
DCA,YYZ,359
DEL,LHR,4191
DEN,CLT,1338
DEN,DFW,641
DEN,LAX,862
DEN,LHR,4671
DEN,MIA,1709
DEN,ORD,888
DEN,PHL,1558
DEN,PHX,602
DEN,SEA,1024
DFW,ABI,158
DFW,ABQ,569
DFW,ACT,89
DFW,AEX,285
DFW,AGU,836
DFW,AMA,312
DFW,ATL,731
DFW,AUS,190
DFW,BDL,1471
DFW,BHM,597
DFW,BJX,864
DFW,BMI,690
DFW,BNA,631
DFW,BNE,8303
DFW,BOG,2438
DFW,BOS,1562
DFW,BPT,270
DFW,BRO,482
DFW,BTR,383
DFW,BWI,1217
DFW,BZE,1189
DFW,CAE,922
DFW,CCS,2450
DFW,CDG,4948
DFW,CHA,695
DFW,CHS,987
DFW,CID,685
DFW,CLE,1021
DFW,CLL,164
DFW,CLT,936
DFW,CMH,926
DFW,CMI,693
DFW,COS,592
DFW,COU,490
DFW,CRP,354
DFW,CRW,946
DFW,CUN,1028
DFW,CUU,604
DFW,CVG,812
DFW,CZM,1055
DFW,DAY,861
DFW,DCA,1192
DFW,DEN,641
DFW,DSM,624
DFW,DTW,986
DFW,ELP,551
DFW,EVV,642
DFW,EWR,1372
DFW,EZE,5286
DFW,FAR,968
DFW,FAT,1313
DFW,FLL,1119
DFW,FRA,5143
DFW,FSD,737
DFW,FSM,227
DFW,FWA,859
DFW,GCK,404
DFW,GDL,936
DFW,GGG,140
DFW,GIG,5221
DFW,GJT,773
DFW,GPT,500
DFW,GRI,561
DFW,GRK,134
DFW,GRR,931
DFW,GRU,5111
DFW,GSO,999
DFW,GSP,862
DFW,GUA,1325
DFW,HNL,3784
DFW,HOU,247
DFW,HSV,603
DFW,IAD,1172
DFW,IAH,224
DFW,ICN,6842
DFW,ICT,328
DFW,IND,761
DFW,JAN,408
DFW,JAX,918
DFW,JFK,1391
DFW,JLN,327
DFW,LAS,1055
DFW,LAX,1235
DFW,LBB,282
DFW,LCH,295
DFW,LEX,785
DFW,LFT,351
DFW,LGA,1389
DFW,LHR,4750
DFW,LIM,3357
DFW,LIR,1700
DFW,LIT,304
DFW,LRD,396
DFW,MAD,4965
DFW,MAF,309
DFW,MBJ,1546
DFW,MCI,460
DFW,MCO,985
DFW,MEM,431
DFW,MEX,935
DFW,MFE,469
DFW,MGM,622
DFW,MHK,431
DFW,MIA,1121
DFW,MKE,853
DFW,MLI,691
DFW,MLM,931
DFW,MLU,293
DFW,MOB,539
DFW,MSN,821
DFW,MSP,852
DFW,MSY,448
DFW,MTY,524
DFW,MZT,875
DFW,NAS,1300
DFW,NRT,6427
DFW,OGG,3710
DFW,OKC,175
DFW,OMA,583
DFW,ONT,1188
DFW,ORD,802
DFW,ORF,1212
DFW,PBC,949
DFW,PBI,1102
DFW,PDX,1616
DFW,PHL,1303
DFW,PHX,868
DFW,PIA,672
DFW,PIT,1067
DFW,PLS,1699
DFW,PNS,604
DFW,PSP,1126
DFW,PTY,1990
DFW,PVR,982
DFW,QRO,867
DFW,RAP,835
DFW,RDU,1061
DFW,RIC,1158
DFW,RNO,1345
DFW,ROW,435
DFW,RSW,1017
DFW,RTB,1317
DFW,SAL,1431
DFW,SAN,1171
DFW,SAT,247
DFW,SAV,925
DFW,SCL,4869
DFW,SDF,733
DFW,SEA,1660
DFW,SFO,1464
DFW,SGF,364
DFW,SHV,190
DFW,SJC,1438
DFW,SJD,1024
DFW,SJO,1776
DFW,SJT,229
DFW,SJU,2165
DFW,SLC,989
DFW,SLP,771
DFW,SMF,1431
DFW,SNA,1205
DFW,SPI,630
DFW,SPS,113
DFW,STL,550
DFW,TLH,767
DFW,TPA,929
DFW,TRC,634
DFW,TUL,237
DFW,TUS,813
DFW,TXK,181
DFW,TYR,102
DFW,TYS,772
DFW,VPS,641
DFW,XNA,280
DFW,YEG,1630
DFW,YUL,1513
DFW,YVR,1754
DFW,YYC,1523
DFW,YYZ,1199
DFW,ZCL,770
DKR,BJL,112
DKR,LPA,918
DOH,BAH,92
DOH,IAD,6927
DOH,IAH,8048
DOH,JFK,6704
DOH,ORD,7133
DOH,PHL,6797
DOM,SJU,369
DRW,BNE,1771
DRW,SYD,1957
DSM,CLT,815
DSM,DCA,897
DSM,DFW,624
DSM,ORD,299
DSM,PHX,1149
DTW,CLT,500
DTW,DCA,405
DTW,DFW,986
DTW,LGA,502
DTW,MIA,1145
DTW,ORD,234
DTW,PHL,453
DTW,PHX,1671
DTW,YUL,530
DUB,CLT,3720
DUB,JFK,3179
DUB,LHR,280
DUB,ORD,3673
DUB,PHL,3273
DUS,AUH,3126
DUS,JFK,3749
DUS,LAX,5689
DUS,LHR,313
DUS,MIA,4733
DUS,ORD,4230
DUS,RSW,4756
DXB,LHR,3420
EBB,LHR,4028
EDI,LHR,332
EIS,SJU,96
ELH,MIA,226
ELM,PHL,180
ELP,DFW,551
ELP,LAX,714
ELP,ORD,1236
ELP,PHX,347
ERI,PHL,300
EUG,LAX,748
EUG,PDX,106
EVV,DFW,642
EVV,ORD,273
EWN,CLT,221
EWR,CLT,528
EWR,DFW,1372
EWR,HKG,8065
EWR,LHR,3465
EWR,MIA,1086
EWR,ORD,719
EWR,ORY,3648
EWR,PHL,80
EWR,PHX,2133
EWR,SEA,2402
EYW,MIA,125
EZE,DFW,5286
EZE,JFK,5282
EZE,MIA,4406
FAR,DFW,968
FAR,ORD,557
FAT,DFW,1313
FAT,LAX,209
FAT,PHX,493
FAY,CLT,118
FAY,DCA,285
FCO,CLT,4812
FCO,JFK,4277
FCO,LHR,898
FCO,ORD,4823
FCO,PHL,4371
FDF,MIA,1468
FDF,SJU,424
FLG,PHX,119
FLL,CLT,631
FLL,DCA,899
FLL,DFW,1119
FLL,ORD,1182
FLL,PAP,720
FLL,PHL,992
FLL,PHX,1972
FLO,CLT,99
FNT,ORD,223
FPO,CLT,611
FPO,MIA,112
FRA,CLT,4396
FRA,DFW,5143
FRA,KUL,6216
FRA,LHR,407
FRA,PHL,3949
FSD,DFW,737
FSD,ORD,463
FSM,DFW,227
FUK,NRT,585
FWA,DFW,859
FWA,ORD,157
GCK,DFW,404
GCM,CLT,1097
GCM,MIA,452
GCM,PHL,1464
GDL,DFW,936
GDL,LAX,1307
GDL,PHX,1037
GDL,SJC,1612
GEG,PHX,1020
GGG,DFW,140
GGT,MIA,317
GIB,LHR,1085
GIG,CLT,4694
GIG,DFW,5221
GIG,JFK,4786
GIG,MIA,4162
GJT,DFW,773
GJT,PHX,438
GLA,LHR,345
GLA,PHL,3309
GND,MIA,1535
GNV,CLT,388
GNV,MIA,294
GOT,LHR,666
GPT,CLT,577
GPT,DFW,500
GRB,ORD,173
GRI,DFW,561
GRK,DFW,134
GRR,DFW,931
GRR,ORD,137
GRU,CLT,4623
GRU,DFW,5111
GRU,JFK,4745
GRU,LAX,6156
GRU,MCO,4255
GRU,MIA,4072
GSO,CLT,83
GSO,DCA,248
GSO,DFW,999
GSO,LGA,461
GSO,MIA,710
GSO,PHL,365
GSP,CLT,76
GSP,DCA,396
GSP,DFW,862
GSP,PHL,515
GUA,DFW,1325
GUA,MIA,1017
GVA,LHR,469
GYE,JFK,2970
GYE,MIA,1922
GYE,SCY,678
GYE,UIO,175
HAJ,LHR,438
HAM,LHR,465
HAN,NRT,2314
HEL,JFK,4117
HEL,LHR,1151
HEL,MAN,1129
HKG,EWR,8065
HKG,JFK,8072
HKG,LAX,7260
HKG,NRT,1842
HKG,ORD,7794
HKG,SFO,6927
HMO,PHX,304
HND,HNL,3853
HND,SFO,5160
HNL,DFW,3784
HNL,HND,3853
HNL,KIX,4116
HNL,LAX,2556
HNL,NGO,4025
HNL,NRT,3819
HNL,OAK,2409
HNL,PHX,2917
HNL,SJC,2417
HNL,SYD,5066
HOU,DFW,247
HPN,CLT,564
HPN,DCA,234
HPN,ORD,738
HPN,PHL,115
HSV,CLT,333
HSV,DCA,613
HSV,DFW,603
HSV,ORD,510
HTS,CLT,235
HVN,PHL,157
HYD,LHR,4823
IAD,AUH,7088
IAD,CLT,321
IAD,DFW,1172
IAD,DOH,6927
IAD,LAX,2288
IAD,LHR,3677
IAD,MIA,921
IAH,CLT,913
IAH,DFW,224
IAH,DOH,8048
IAH,LAX,1379
IAH,LHR,4834
IAH,MIA,964
IAH,ORD,925
IAH,PHL,1325
IAH,PHX,1009
ICN,DFW,6842
ICN,NRT,783
ICT,DFW,328
ICT,ORD,588
ILM,CLT,185
ILM,DCA,320
ILM,LGA,500
ILM,PHL,413
IND,CLT,428
IND,DCA,500
IND,DFW,761
IND,JFK,665
IND,LAX,1814
IND,MIA,1021
IND,ORD,177
IND,PHL,588
IND,PHX,1488
IPT,PHL,129
ISB,AUH,1264
ISP,DCA,249
ISP,PHL,130
IST,LHR,1550
ITH,PHL,192
ITM,NRT,288
JAN,CLT,562
JAN,DCA,860
JAN,DFW,408
JAX,CLT,328
JAX,DCA,634
JAX,DFW,918
JAX,MIA,335
JAX,ORD,864
JAX,PHL,742
JFK,AMM,5738
JFK,ANU,1770
JFK,AUH,6867
JFK,AUS,1521
JFK,BCN,3831
JFK,BDA,762
JFK,BNA,765
JFK,BOS,187
JFK,BWI,184
JFK,CCS,2109
JFK,CDG,3635
JFK,CLE,425
JFK,CLT,541
JFK,CMH,483
JFK,CUN,1555
JFK,CVG,589
JFK,DCA,213
JFK,DFW,1391
JFK,DOH,6704
JFK,DUB,3179
JFK,DUS,3749
JFK,EZE,5282
JFK,FCO,4277
JFK,GIG,4786
JFK,GRU,4745
JFK,GYE,2970
JFK,HEL,4117
JFK,HKG,8072
JFK,IND,665
JFK,LAS,2248
JFK,LAX,2475
JFK,LCY,3472
JFK,LHR,3451
JFK,LIM,3629
JFK,MAD,3589
JFK,MAN,3341
JFK,MCO,944
JFK,MIA,1090
JFK,MXP,3995
JFK,NRT,6745
JFK,ORD,740
JFK,ORF,290
JFK,ORY,3634
JFK,PAP,1522
JFK,PHX,2153
JFK,PIT,340
JFK,RDU,427
JFK,SAN,2446
JFK,SCL,5097
JFK,SEA,2421
JFK,SFO,2586
JFK,SJO,2204
JFK,SJU,1598
JFK,STT,1623
JFK,SXM,1681
JFK,TPA,1005
JFK,YUL,333
JFK,YYC,2041
JFK,YYZ,366
JFK,ZRH,3931
JLN,DFW,327
JNB,LHR,5620
JNU,KTN,235
JUL,AQP,112
KHH,NRT,1508
KIN,MIA,585
KIX,HNL,4116
KOA,LAX,2504
KOA,OAK,2378
KOA,PHX,2860
KOA,SJC,2384
KTN,JNU,235
KTN,SEA,680
KUL,BKK,754
KUL,CDG,6492
KUL,FRA,6216
KUL,LGK,282
KUL,LHR,6593
KUL,NRT,3357
KUL,PEN,201
KUL,SIN,185
KWI,LHR,2909
LAS,CLT,1916
LAS,DCA,2089
LAS,DFW,1055
LAS,JFK,2248
LAS,LAX,236
LAS,LGW,5253
LAS,LHR,5229
LAS,MIA,2174
LAS,ORD,1514
LAS,PHL,2176
LAS,PHX,255
LAS,YEG,1192
LAS,YVR,992
LAS,YYC,1039
LAS,YYZ,1943
LAX,ABQ,677
LAX,ANC,2345
LAX,AUS,1242
LAX,BDL,2527
LAX,BNA,1797
LAX,BNE,7161
LAX,BOS,2611
LAX,CLT,2125
LAX,CMH,1995
LAX,DCA,2311
LAX,DEN,862
LAX,DFW,1235
LAX,DUS,5689
LAX,ELP,714
LAX,EUG,748
LAX,FAT,209
LAX,GDL,1307
LAX,GRU,6156
LAX,HKG,7260
LAX,HNL,2556
LAX,IAD,2288
LAX,IAH,1379
LAX,IND,1814
LAX,JFK,2475
LAX,KOA,2504
LAX,LAS,236
LAX,LHR,5456
LAX,LIH,2615
LAX,LIM,4167
LAX,MAD,5845
LAX,MCO,2218
LAX,MEL,7921
LAX,MEX,1553
LAX,MFR,630
LAX,MIA,2342
LAX,MRY,266
LAX,NAN,5519
LAX,NRT,5451
LAX,OGG,2485
LAX,OKC,1187
LAX,ORD,1745
LAX,PBI,2330
LAX,PDX,834
LAX,PHL,2401
LAX,PHX,370
LAX,PIT,2136
LAX,PPT,4095
LAX,PVG,6485
LAX,RDM,726
LAX,RDU,2238
LAX,RNO,391
LAX,SAN,109
LAX,SEA,954
LAX,SFO,337
LAX,SJC,308
LAX,SJD,911
LAX,SLC,590
LAX,SMF,373
LAX,STL,1592
LAX,STS,399
LAX,SYD,7488
LAX,TUS,451
LAX,XNA,1371
LAX,YEG,1358
LAX,YVR,1081
LAX,YYC,1206
LAX,YYZ,2175
LBA,LHR,173
LBB,DFW,282
LCA,LHR,2040
LCH,DFW,295
LEX,CLT,282
LEX,DFW,785
LEX,ORD,323
LFT,DFW,351
LGA,BNA,764
LGA,BOS,185
LGA,CHO,305
LGA,CLT,544
LGA,CMH,479
LGA,DAY,549
LGA,DCA,214
LGA,DFW,1389
LGA,DTW,502
LGA,GSO,461
LGA,ILM,500
LGA,LIT,1085
LGA,MIA,1097
LGA,ORD,733
LGA,ORF,296
LGA,PBI,1035
LGA,PHL,96
LGA,PIT,335
LGA,RDU,431
LGA,RIC,292
LGA,ROA,405
LGA,SDF,659
LGA,STL,888
LGA,TYS,647
LGA,XNA,1147
LGA,YUL,324
LGA,YYZ,357
LGB,PDX,846
LGB,PHX,355
LGB,SEA,965
LGK,KUL,282
LGW,LAS,5253
LGW,MCO,4353
LGW,TPA,4427
LHE,AUH,1300
LHR,ABZ,403
LHR,ACC,3159
LHR,AGP,1041
LHR,AMS,231
LHR,ARN,911
LHR,ATH,1510
LHR,ATL,4211
LHR,AUH,3432
LHR,AUS,4915
LHR,BAH,3169
LHR,BCN,713
LHR,BGO,649
LHR,BHD,313
LHR,BLQ,724
LHR,BLR,5004
LHR,BOM,4487
LHR,BOS,3265
LHR,BRU,218
LHR,BSL,448
LHR,BUD,928
LHR,BWI,3634
LHR,CDG,216
LHR,CLT,3992
LHR,CPH,610
LHR,CPT,5994
LHR,DEL,4191
LHR,DEN,4671
LHR,DFW,4750
LHR,DUB,280
LHR,DUS,313
LHR,DXB,3420
LHR,EBB,4028
LHR,EDI,332
LHR,EWR,3465
LHR,FCO,898
LHR,FRA,407
LHR,GIB,1085
LHR,GLA,345
LHR,GOT,666
LHR,GVA,469
LHR,HAJ,438
LHR,HAM,465
LHR,HEL,1151
LHR,HYD,4823
LHR,IAD,3677
LHR,IAH,4834
LHR,IST,1550
LHR,JFK,3451
LHR,JNB,5620
LHR,KUL,6593
LHR,KWI,2909
LHR,LAS,5229
LHR,LAX,5456
LHR,LBA,173
LHR,LCA,2040
LHR,LIN,610
LHR,LIS,972
LHR,LUX,320
LHR,LYS,471
LHR,MAA,5121
LHR,MAN,151
LHR,MIA,4425
LHR,MRS,615
LHR,MUC,587
LHR,MXP,583
LHR,NBO,4242
LHR,NCE,647
LHR,NCL,252
LHR,ORD,3953
LHR,OSL,751
LHR,OTP,1311
LHR,PHL,3545
LHR,PHX,5271
LHR,PRG,651
LHR,PSA,738
LHR,RDU,3872
LHR,RTM,213
LHR,SAN,5485
LHR,SEA,4800
LHR,SFO,5368
LHR,SOF,1271
LHR,STR,471
LHR,SVG,566
LHR,TLS,548
LHR,VCE,717
LHR,VIE,795
LHR,WAW,916
LHR,YUL,3249
LHR,YVR,4724
LHR,YYC,4373
LHR,YYZ,3556
LHR,ZAG,852
LHR,ZRH,491
LIH,LAX,2615
LIH,OAK,2457
LIH,PHX,2979
LIH,SJC,2466
LIM,DFW,3357
LIM,JFK,3629
LIM,LAX,4167
LIM,MIA,2608
LIM,SCL,1524
LIN,LHR,610
LIR,CLT,1719
LIR,DFW,1700
LIR,MIA,1101
LIR,SJO,100
LIS,LHR,972
LIS,PHL,3458
LIT,CLT,641
LIT,DCA,888
LIT,DFW,304
LIT,LGA,1085
LIT,ORD,552
LPA,MAD,1097
LPB,VVI,343
LRD,DFW,396
LRM,MIA,887
LSE,ORD,215
LUX,LHR,320
LYH,CLT,175
LYS,LHR,471
MAA,LHR,5121
MAD,BOS,3410
MAD,DFW,4965
MAD,JFK,3589
MAD,LAX,5845
MAD,MIA,4424
MAD,ORD,4201
MAD,PHL,3681
MAF,DFW,309
MAN,HEL,1129
MAN,JFK,3341
MAN,LHR,151
MAN,ORD,3826
MAN,PHL,3434
MAO,MIA,2402
MAR,MIA,1188
MBJ,CLT,1165
MBJ,DFW,1546
MBJ,MIA,524
MBJ,ORD,1721
MBJ,PHL,1480
MCI,CLT,809
MCI,DCA,949
MCI,DFW,460
MCI,ORD,403
MCI,PHL,1038
MCI,PHX,1044
MCI,SEA,1489
MCO,CLT,468
MCO,DCA,759
MCO,DFW,985
MCO,GRU,4255
MCO,JFK,944
MCO,LAX,2218
MCO,LGW,4353
MCO,MIA,192
MCO,ORD,1005
MCO,PHL,861
MCO,PHX,1849
MCO,SAN,2149
MCO,SEA,2554
MCO,YYZ,1055
MCT,AUH,237
MDE,MIA,1388
MDT,BOS,335
MDT,CLT,413
MDT,ORD,594
MDT,PHL,84
MEL,ADL,399
MEL,BNE,857
MEL,CBR,292
MEL,LAX,7921
MEL,PER,1681
MEL,SYD,439
MEM,CLT,512
MEM,DCA,762
MEM,DFW,431
MEM,MIA,859
MEM,ORD,491
MEX,CLT,1551
MEX,DFW,935
MEX,LAX,1553
MEX,MIA,1275
MEX,ORD,1686
MEX,PHX,1251
MFE,DFW,469
MFR,LAX,630
MGA,MIA,1014
MGM,CLT,372
MGM,DFW,622
MHH,MIA,205
MHK,DFW,431
MHK,ORD,501
MHT,CLT,737
MHT,DCA,406
MHT,PHL,289
MIA,ANU,1330
MIA,ASU,3824
MIA,ATL,595
MIA,AUA,1133
MIA,BCN,4697
MIA,BDA,1046
MIA,BDL,1194
MIA,BGI,1611
MIA,BHM,661
MIA,BNA,806
MIA,BOG,1506
MIA,BOS,1258
MIA,BSB,3599
MIA,BWI,946
MIA,BZE,767
MIA,CCS,1360
MIA,CDG,4589
MIA,CHS,490
MIA,CLE,1080
MIA,CLO,1552
MIA,CLT,650
MIA,CMH,990
MIA,CNF,3963
MIA,CUN,531
MIA,CUR,1192
MIA,CVG,948
MIA,CWB,4095
MIA,CZM,556
MIA,DCA,920
MIA,DEN,1709
MIA,DFW,1121
MIA,DTW,1145
MIA,DUS,4733
MIA,ELH,226
MIA,EWR,1086
MIA,EYW,125
MIA,EZE,4406
MIA,FDF,1468
MIA,FPO,112
MIA,GCM,452
MIA,GGT,317
MIA,GIG,4162
MIA,GND,1535
MIA,GNV,294
MIA,GRU,4072
MIA,GSO,710
MIA,GUA,1017
MIA,GYE,1922
MIA,IAD,921
MIA,IAH,964
MIA,IND,1021
MIA,JAX,335
MIA,JFK,1090
MIA,KIN,585
MIA,LAS,2174
MIA,LAX,2342
MIA,LGA,1097
MIA,LHR,4425
MIA,LIM,2608
MIA,LIR,1101
MIA,LPB,3020
MIA,LRM,887
MIA,MAD,4424
MIA,MAO,2402
MIA,MAR,1188
MIA,MBJ,524
MIA,MCO,192
MIA,MDE,1388
MIA,MEM,859
MIA,MEX,1275
MIA,MGA,1014
MIA,MHH,205
MIA,MSP,1501
MIA,MSY,675
MIA,MVD,4463
MIA,MXP,4931
MIA,NAS,184
MIA,ORD,1197
MIA,ORF,802
MIA,PAP,713
MIA,PHL,1013
MIA,PHX,1972
MIA,PIT,1013
MIA,PLS,578
MIA,PNS,530
MIA,POP,746
MIA,POS,1622
MIA,PTP,1375
MIA,PTY,1152
MIA,PUJ,911
MIA,RDU,700
MIA,REC,3839
MIA,RIC,826
MIA,RTB,766
MIA,SAL,1023
MIA,SAN,2267
MIA,SAP,866
MIA,SCL,4118
MIA,SDF,911
MIA,SDQ,848
MIA,SEA,2724
MIA,SFO,2585
MIA,SJO,1117
MIA,SJU,1045
MIA,SKB,1271
MIA,SSA,3881
MIA,STI,759
MIA,STL,1068
MIA,STT,1107
MIA,STX,1139
MIA,SXM,1224
MIA,TGU,924
MIA,TLH,402
MIA,TPA,204
MIA,TUL,1168
MIA,UIO,1787
MIA,UVF,1505
MIA,YUL,1405
MIA,YYZ,1233
MKE,CLT,651
MKE,DFW,853
MKE,ORD,67
MKE,PHL,690
MKE,PHX,1460
MLB,CLT,490
MLI,DFW,691
MLI,ORD,139
MLM,DFW,931
MLU,DFW,293
MOB,CLT,526
MOB,DFW,539
MRS,LHR,615
MRY,LAX,266
MRY,PHX,598
MSN,DFW,821
MSN,ORD,108
MSP,CLT,930
MSP,DCA,931
MSP,DFW,852
MSP,MIA,1501
MSP,ORD,334
MSP,PHL,980
MSP,PHX,1276
MSY,AUS,444
MSY,CLT,651
MSY,DCA,969
MSY,DFW,448
MSY,MIA,675
MSY,ORD,837
MSY,PHL,1088
MTY,DFW,524
MUC,LHR,587
MUC,PHL,4131
MVD,MIA,4463
MXP,JFK,3995
MXP,LHR,583
MXP,MIA,4931
MYR,CLT,156
MYR,DCA,372
MYR,PHL,473
MZT,DFW,875
MZT,PHX,789
NAN,LAX,5519
NAS,CLT,731
NAS,DCA,952
NAS,DFW,1300
NAS,MIA,184
NAS,PHL,1030
NBO,LHR,4242
NCE,LHR,647
NCL,LHR,252
NGO,HNL,4025
NGO,NRT,212
NRT,BKK,2889
NRT,BOS,6702
NRT,CTS,489
NRT,DFW,6427
NRT,FUK,585
NRT,HAN,2314
NRT,HKG,1842
NRT,HNL,3819
NRT,ICN,783
NRT,ITM,288
NRT,JFK,6745
NRT,KHH,1508
NRT,KUL,3357
NRT,LAX,5451
NRT,NGO,212
NRT,ORD,6274
NRT,PUS,647
NRT,SAN,5557
NRT,SGN,2722
NRT,SIN,3324
NRT,TPE,1356
NRT,YVR,4674
OAK,HNL,2409
OAK,KOA,2378
OAK,LIH,2457
OAK,OGG,2348
OAK,PDX,543
OAK,PHX,646
OAK,SEA,671
OGG,DFW,3710
OGG,LAX,2485
OGG,OAK,2348
OGG,PHX,2845
OGG,SJC,2355
OGG,SMF,2404
OKC,DFW,175
OKC,LAX,1187
OKC,ORD,693
OMA,CLT,913
OMA,DCA,1012
OMA,DFW,583
OMA,ORD,416
OMA,PHX,1037
ONT,DFW,1188
ONT,PDX,838
ONT,PHX,325
ONT,SEA,956
ORD,ABQ,1118
ORD,ALO,234
ORD,AMM,6236
ORD,ART,617
ORD,ATL,606
ORD,AUH,7275
ORD,AUS,978
ORD,AZO,122
ORD,BDL,783
ORD,BMI,116
ORD,BNA,409
ORD,BOS,867
ORD,BUF,473
ORD,BWI,621
ORD,CDG,4152
ORD,CHA,501
ORD,CHO,566
ORD,CID,196
ORD,CLE,316
ORD,CLT,599
ORD,CMH,296
ORD,CMI,135
ORD,COU,315
ORD,CUN,1444
ORD,CVG,264
ORD,DAY,240
ORD,DBQ,147
ORD,DCA,612
ORD,DEN,888
ORD,DFW,802
ORD,DOH,7133
ORD,DSM,299
ORD,DTW,234
ORD,DUB,3673
ORD,DUS,4230
ORD,ELP,1236
ORD,EVV,273
ORD,EWR,719
ORD,FAR,557
ORD,FCO,4823
ORD,FLL,1182
ORD,FNT,223
ORD,FSD,463
ORD,FWA,157
ORD,GRB,173
ORD,GRR,137
ORD,HKG,7794
ORD,HPN,738
ORD,HSV,510
ORD,IAH,925
ORD,ICT,588
ORD,IND,177
ORD,JAX,864
ORD,JFK,740
ORD,LAS,1514
ORD,LAX,1745
ORD,LEX,323
ORD,LGA,733
ORD,LHR,3953
ORD,LIT,552
ORD,LSE,215
ORD,MAD,4201
ORD,MAN,3826
ORD,MBJ,1721
ORD,MCI,403
ORD,MCO,1005
ORD,MDT,594
ORD,MEM,491
ORD,MEX,1686
ORD,MHK,501
ORD,MIA,1197
ORD,MKE,67
ORD,MLI,139
ORD,MSN,108
ORD,MSP,334
ORD,MSY,837
ORD,NRT,6274
ORD,OKC,693
ORD,OMA,416
ORD,PBI,1144
ORD,PDX,1739
ORD,PEK,6579
ORD,PHL,678
ORD,PHX,1440
ORD,PIA,130
ORD,PIT,412
ORD,PSP,1652
ORD,PVG,7057
ORD,PVR,1783
ORD,RDU,646
ORD,RIC,642
ORD,RNO,1671
ORD,ROC,528
ORD,RST,268
ORD,RSW,1120
ORD,SAN,1723
ORD,SAT,1042
ORD,SDF,287
ORD,SEA,1721
ORD,SFO,1846
ORD,SGF,438
ORD,SJC,1829
ORD,SJD,1807
ORD,SJU,2072
ORD,SLC,1250
ORD,SNA,1726
ORD,STL,258
ORD,SUX,436
ORD,SYR,607
ORD,TOL,213
ORD,TPA,1012
ORD,TUL,585
ORD,TUS,1437
ORD,TVC,224
ORD,TYS,475
ORD,XNA,522
ORD,YKF,396
ORD,YUL,748
ORD,YVR,1764
ORD,YYC,1385
ORD,YYZ,436
ORF,CLT,290
ORF,DCA,143
ORF,DFW,1212
ORF,JFK,290
ORF,LGA,296
ORF,MIA,802
ORF,PHL,212
ORY,EWR,3648
ORY,JFK,3634
OSL,LHR,751
OTP,LHR,1311
PAP,FLL,720
PAP,JFK,1522
PAP,MIA,713
PBC,DFW,949
PBI,CLT,590
PBI,DCA,857
PBI,DFW,1102
PBI,LAX,2330
PBI,LGA,1035
PBI,ORD,1144
PBI,PHL,951
PDX,BOS,2537
PDX,BUR,817
PDX,CLT,2282
PDX,DCA,2350
PDX,DFW,1616
PDX,LAX,834
PDX,LGB,846
PDX,OAK,543
PDX,ONT,838
PDX,ORD,1739
PDX,PHL,2406
PDX,PHX,1009
PDX,SAN,933
PDX,SFO,550
PDX,SJC,569
PDX,SNA,859
PDX,YVR,251
PEK,ORD,6579
PEK,SEA,5407
PEN,KUL,201
PER,BNE,2246
PER,MEL,1681
PER,SYD,2041
PHF,CLT,282
PHF,PHL,201
PHL,ABE,55
PHL,ALB,212
PHL,AMS,3736
PHL,ART,287
PHL,ATH,5035
PHL,ATL,666
PHL,AUA,1911
PHL,AUS,1430
PHL,AVP,104
PHL,BCN,3924
PHL,BDA,785
PHL,BDL,196
PHL,BGM,166
PHL,BGR,473
PHL,BHM,772
PHL,BNA,675
PHL,BOS,280
PHL,BRU,3760
PHL,BTV,335
PHL,BUF,279
PHL,BWI,90
PHL,CAE,523
PHL,CAK,335
PHL,CDG,3728
PHL,CHO,210
PHL,CHS,550
PHL,CLE,363
PHL,CLT,448
PHL,CMH,406
PHL,CUN,1469
PHL,CVG,507
PHL,DAY,477
PHL,DCA,119
PHL,DEN,1558
PHL,DFW,1303
PHL,DOH,6797
PHL,DTW,453
PHL,DUB,3273
PHL,ELM,180
PHL,ERI,300
PHL,EWR,80
PHL,FCO,4371
PHL,FLL,992
PHL,FRA,3949
PHL,GCM,1464
PHL,GLA,3309
PHL,GSO,365
PHL,GSP,515
PHL,HPN,115
PHL,HVN,157
PHL,IAH,1325
PHL,ILM,413
PHL,IND,588
PHL,IPT,129
PHL,ISP,130
PHL,ITH,192
PHL,JAX,742
PHL,LAS,2176
PHL,LAX,2401
PHL,LGA,96
PHL,LHR,3545
PHL,LIS,3458
PHL,MAD,3681
PHL,MAN,3434
PHL,MBJ,1480
PHL,MCI,1038
PHL,MCO,861
PHL,MDT,84
PHL,MHT,289
PHL,MIA,1013
PHL,MKE,690
PHL,MSP,980
PHL,MSY,1088
PHL,MUC,4131
PHL,MYR,473
PHL,NAS,1030
PHL,ORD,678
PHL,ORF,212
PHL,PBI,951
PHL,PDX,2406
PHL,PHF,201
PHL,PHX,2075
PHL,PIT,268
PHL,PLS,1259
PHL,PUJ,1524
PHL,PVD,238
PHL,PWM,364
PHL,RDU,337
PHL,RIC,198
PHL,ROA,311
PHL,ROC,257
PHL,RSW,993
PHL,SAN,2370
PHL,SAT,1496
PHL,SAV,629
PHL,SBY,107
PHL,SCE,153
PHL,SDF,576
PHL,SDQ,1514
PHL,SEA,2378
PHL,SFO,2521
PHL,SJU,1576
PHL,SLC,1927
PHL,STL,813
PHL,STT,1605
PHL,SWF,127
PHL,SXM,1670
PHL,SYR,228
PHL,TLV,5771
PHL,TPA,920
PHL,TYS,554
PHL,VCE,4248
PHL,YHZ,692
PHL,YOW,377
PHL,YQB,515
PHL,YUL,394
PHL,YYZ,347
PHL,ZRH,4025
PHX,ABQ,328
PHX,ANC,2551
PHX,ATL,1587
PHX,AUS,872
PHX,BOI,735
PHX,BOS,2300
PHX,BUR,369
PHX,BWI,1999
PHX,CLT,1774
PHX,CMH,1670
PHX,CUN,1760
PHX,DCA,1979
PHX,DEN,602
PHX,DFW,868
PHX,DSM,1149
PHX,DTW,1671
PHX,ELP,347
PHX,EWR,2133
PHX,FAT,493
PHX,FLG,119
PHX,FLL,1972
PHX,GDL,1037
PHX,GEG,1020
PHX,GJT,438
PHX,HNL,2917
PHX,IAH,1009
PHX,IND,1488
PHX,JFK,2153
PHX,KOA,2860
PHX,LAS,255
PHX,LAX,370
PHX,LGB,355
PHX,LHR,5271
PHX,LIH,2979
PHX,MCI,1044
PHX,MCO,1849
PHX,MEX,1251
PHX,MIA,1972
PHX,MKE,1460
PHX,MRY,598
PHX,MSP,1276
PHX,MZT,789
PHX,OAK,646
PHX,OGG,2845
PHX,OMA,1037
PHX,ONT,325
PHX,ORD,1440
PHX,PDX,1009
PHX,PHL,2075
PHX,PIT,1814
PHX,PSP,261
PHX,PVR,971
PHX,RNO,601
PHX,SAN,304
PHX,SAT,843
PHX,SBA,455
PHX,SBP,509
PHX,SEA,1107
PHX,SFO,651
PHX,SJC,621
PHX,SJD,722
PHX,SLC,507
PHX,SMF,647
PHX,SNA,338
PHX,STL,1262
PHX,TPA,1788
PHX,TUS,110
PHX,YEG,1374
PHX,YUM,160
PHX,YVR,1230
PHX,YYC,1224
PHX,ZIH,1272
PIA,DFW,672
PIA,ORD,130
PIT,BDL,406
PIT,BOS,496
PIT,CLT,366
PIT,DCA,204
PIT,DFW,1067
PIT,JFK,340
PIT,LAX,2136
PIT,LGA,335
PIT,MIA,1013
PIT,ORD,412
PIT,PHL,268
PIT,PHX,1814
PIT,RDU,328
PIT,STL,554
PLS,CLT,1064
PLS,DFW,1699
PLS,MIA,578
PLS,PHL,1259
PMC,PUQ,806
PNS,CLT,488
PNS,DCA,816
PNS,DFW,604
PNS,MIA,530
POA,MIA,4294
POP,MIA,746
POS,MIA,1622
PPT,AKL,2544
PPT,LAX,4095
PRG,LHR,651
PSA,LHR,738
PSP,DFW,1126
PSP,ORD,1652
PSP,PHX,261
PSP,SFO,421
PTP,MIA,1375
PTP,SJU,331
PTY,DFW,1990
PTY,MIA,1152
PUJ,CLT,1382
PUJ,MIA,911
PUJ,PHL,1524
PUS,NRT,647
PVD,CLT,684
PVD,DCA,357
PVD,PHL,238
PVG,LAX,6485
PVG,ORD,7057
PVR,DFW,982
PVR,ORD,1783
PVR,PHX,971
PVR,SAN,1109
PVR,SFO,1554
QRO,DFW,867
RAP,DFW,835
RDM,LAX,726
RDU,CLT,130
RDU,DCA,227
RDU,DFW,1061
RDU,JFK,427
RDU,LAX,2238
RDU,LGA,431
RDU,LHR,3872
RDU,MIA,700
RDU,ORD,646
RDU,PHL,337
RDU,PIT,328
REC,MIA,3839
RIC,BOS,474
RIC,CLT,256
RIC,DFW,1158
RIC,LGA,292
RIC,MIA,826
RIC,ORD,642
RIC,PHL,198
RNO,DFW,1345
RNO,LAX,391
RNO,ORD,1671
RNO,PHX,601
ROA,CLT,155
ROA,LGA,405
ROA,PHL,311
ROC,BOS,343
ROC,CLT,573
ROC,DCA,296
ROC,ORD,528
ROC,PHL,257
ROW,DFW,435
RST,ORD,268
RSW,CLT,600
RSW,DCA,892
RSW,DFW,1017
RSW,DUS,4756
RSW,ORD,1120
RSW,PHL,993
RTB,DFW,1317
RTB,MIA,766
RTM,LHR,213
SAL,DFW,1431
SAL,MIA,1023
SAN,BOS,2588
SAN,CLT,2077
SAN,DCA,2276
SAN,DFW,1171
SAN,JFK,2446
SAN,LAX,109
SAN,LHR,5485
SAN,MCO,2149
SAN,MIA,2267
SAN,NRT,5557
SAN,ORD,1723
SAN,PDX,933
SAN,PHL,2370
SAN,PHX,304
SAN,PVR,1109
SAN,SEA,1050
SAN,STS,508
SAN,YYC,1279
SAP,MIA,866
SAT,CLT,1095
SAT,DFW,247
SAT,ORD,1042
SAT,PHL,1496
SAT,PHX,843
SAV,CLT,213
SAV,DCA,520
SAV,DFW,925
SAV,PHL,629
SBA,PHX,455
SBP,PHX,509
SBY,CLT,370
SBY,PHL,107
SCE,PHL,153
SCL,DFW,4869
SCL,JFK,5097
SCL,LIM,1524
SCL,MIA,4118
SCL,PMC,569
SCY,GYE,678
SDF,CLT,335
SDF,DCA,474
SDF,DFW,733
SDF,LGA,659
SDF,MIA,911
SDF,ORD,287
SDF,PHL,576
SDQ,MIA,848
SDQ,PHL,1514
SEA,BOS,2496
SEA,BUR,937
SEA,CLT,2279
SEA,DEN,1024
SEA,DFW,1660
SEA,EWR,2402
SEA,JFK,2421
SEA,KTN,680
SEA,LAX,954
SEA,LGB,965
SEA,LHR,4800
SEA,MCI,1489
SEA,MCO,2554
SEA,MIA,2724
SEA,OAK,671
SEA,ONT,956
SEA,ORD,1721
SEA,PEK,5407
SEA,PHL,2378
SEA,PHX,1107
SEA,SAN,1050
SEA,SFO,679
SEA,SJC,696
SEA,SMF,605
SEA,SNA,978
SEA,STL,1709
SEA,YVR,127
SFO,CLT,2296
SFO,DFW,1464
SFO,HKG,6927
SFO,HND,5160
SFO,JFK,2586
SFO,LAX,337
SFO,LHR,5368
SFO,MIA,2585
SFO,ORD,1846
SFO,PDX,550
SFO,PHL,2521
SFO,PHX,651
SFO,PSP,421
SFO,PVR,1554
SFO,SEA,679
SGF,DFW,364
SGF,ORD,438
SGN,NRT,2722
SHV,DFW,190
SIN,KUL,185
SIN,NRT,3324
SJC,DFW,1438
SJC,GDL,1612
SJC,HNL,2417
SJC,KOA,2384
SJC,LAX,308
SJC,LIH,2466
SJC,OGG,2355
SJC,ORD,1829
SJC,PDX,569
SJC,PHX,621
SJC,SEA,696
SJD,CLT,1918
SJD,DFW,1024
SJD,LAX,911
SJD,ORD,1807
SJD,PHX,722
SJO,CLT,1748
SJO,DFW,1776
SJO,JFK,2204
SJO,MIA,1117
SJT,DFW,229
SJU,CCS,543
SJU,CLT,1474
SJU,DFW,2165
SJU,DOM,369
SJU,EIS,96
SJU,FDF,424
SJU,JFK,1598
SJU,MIA,1045
SJU,ORD,2072
SJU,PHL,1576
SJU,PTP,331
SJU,VIJ,103
SKB,MIA,1271
SLC,CLT,1727
SLC,DFW,989
SLC,LAX,590
SLC,ORD,1250
SLC,PHL,1927
SLC,PHX,507
SLP,DFW,771
SMF,CLT,2244
SMF,DFW,1431
SMF,LAX,373
SMF,OGG,2404
SMF,PHX,647
SMF,SEA,605
SNA,DFW,1205
SNA,ORD,1726
SNA,PDX,859
SNA,PHX,338
SNA,SEA,978
SOF,LHR,1271
SPS,DFW,113
SRQ,CLT,547
SRQ,DCA,851
SSA,MIA,3881
STI,MIA,759
STL,CLT,575
STL,DCA,719
STL,DFW,550
STL,LAX,1592
STL,LGA,888
STL,MIA,1068
STL,ORD,258
STL,PHL,813
STL,PHX,1262
STL,PIT,554
STL,SEA,1709
STR,LHR,471
STS,LAX,399
STS,SAN,508
STT,CLT,1520
STT,JFK,1623
STT,MIA,1107
STT,PHL,1605
STX,MIA,1139
SUX,ORD,436
SVG,LHR,566
SWF,PHL,127
SXM,CLT,1612
SXM,JFK,1681
SXM,MIA,1224
SXM,PHL,1670
SYD,ADL,725
SYD,AKL,1345
SYD,ASP,1256
SYD,BNE,467
SYD,CBR,147
SYD,CHC,1323
SYD,CNS,1222
SYD,DFW,8578
SYD,DRW,1957
SYD,HNL,5066
SYD,LAX,7488
SYD,MEL,439
SYD,PER,2041
SYR,BOS,265
SYR,CLT,603
SYR,DCA,298
SYR,ORD,607
SYR,PHL,228
TGU,MIA,924
TLH,CLT,387
TLH,DCA,716
TLH,DFW,767
TLH,MIA,402
TLS,LHR,548
TLV,PHL,5771
TOL,ORD,213
TPA,CLT,507
TPA,DCA,814
TPA,DFW,929
TPA,JFK,1005
TPA,LGW,4427
TPA,MIA,204
TPA,ORD,1012
TPA,PHL,920
TPA,PHX,1788
TPE,NRT,1356
TRC,DFW,634
TRI,CLT,120
TSV,BNE,690
TUL,DFW,237
TUL,MIA,1168
TUL,ORD,585
TUS,DFW,813
TUS,LAX,451
TUS,ORD,1437
TUS,PHX,110
TVC,ORD,224
TXK,DFW,181
TYR,DFW,102
TYS,CLT,177
TYS,DCA,437
TYS,DFW,772
TYS,LGA,647
TYS,ORD,475
TYS,PHL,554
UIO,GYE,175
UIO,MIA,1787
UVF,CLT,1934
UVF,MIA,1505
VCE,LHR,717
VCE,PHL,4248
VIE,LHR,795
VIJ,SJU,103
VPS,CLT,460
VPS,DCA,789
VPS,DFW,641
VVI,MIA,3201
WAW,LHR,916
XNA,CLT,754
XNA,DFW,280
XNA,LAX,1371
XNA,LGA,1147
XNA,ORD,522
YEG,DFW,1630
YEG,LAS,1192
YEG,LAX,1358
YEG,PHX,1374
YHZ,DCA,811
YHZ,PHL,692
YKF,ORD,396
YOW,CLT,751
YOW,PHL,377
YQB,PHL,515
YUL,AMM,5541
YUL,CLT,803
YUL,DCA,487
YUL,DFW,1513
YUL,DTW,530
YUL,JFK,333
YUL,LGA,324
YUL,LHR,3249
YUL,MIA,1405
YUL,ORD,748
YUL,PHL,394
YUM,PHX,160
YVR,DFW,1754
YVR,LAS,992
YVR,LAX,1081
YVR,LHR,4724
YVR,NRT,4674
YVR,ORD,1764
YVR,PDX,251
YVR,PHX,1230
YVR,SEA,127
YYC,DFW,1523
YYC,JFK,2041
YYC,LAS,1039
YYC,LAX,1206
YYC,LHR,4373
YYC,ORD,1385
YYC,PHX,1224
YYC,SAN,1279
YYZ,CLT,588
YYZ,DCA,359
YYZ,DFW,1199
YYZ,JFK,366
YYZ,LAS,1943
YYZ,LAX,2175
YYZ,LGA,357
YYZ,LHR,3556
YYZ,MCO,1055
YYZ,MIA,1233
YYZ,ORD,436
YYZ,PHL,347
ZAG,LHR,852
ZCL,DFW,770
ZIH,PHX,1272
ZRH,JFK,3931
ZRH,LHR,491
ZRH,PHL,4025
